userId,movieId
1,47
1,159061
1,2204
1,27773
1,4226
2,60756
2,133419
2,8910
2,3760
2,63131
3,849
3,4638
3,1544
3,1591
3,61248
4,125
4,102481
4,663
4,3911
4,700
5,58
5,48342
5,5617
5,103027
5,6268
6,3
6,134393
6,55190
6,5957
6,2205
7,260
7,1196
7,1210
7,61210
7,34405
8,34
8,3189
8,241
8,1012
8,262
9,923
9,3801
9,3730
9,1913
9,70708
10,7458
10,7307
10,52319
10,7248
10,8640
11,6
11,6874
11,1953
11,4946
11,4855
12,168
12,1100
12,8983
12,3996
12,89862
13,47
13,159061
13,2204
13,27773
13,4226
14,47
14,159061
14,2204
14,27773
14,4226
15,260
15,1196
15,1210
15,61210
15,34405
16,1199
16,7841
16,718
16,7842
16,188189
17,260
17,1196
17,1210
17,61210
17,34405
18,50
18,1089
18,1086
18,158238
18,2579
19,353
19,27328
19,27134
19,182823
19,6966
20,48
20,783
20,1029
20,2081
20,60803
21,10
21,1370
21,63113
21,7573
21,2376
22,318
22,55272
22,25963
22,7459
22,4830
23,541
23,2571
23,100579
23,1240
23,5903
24,6
24,6874
24,1953
24,4946
24,4855
25,260
25,1196
25,1210
25,61210
25,34405
26,47
26,159061
26,2204
26,27773
26,4226
27,34
27,3189
27,241
27,1012
27,262
28,2021
28,135133
28,3926
28,7810
28,1371
29,924
29,134130
29,3471
29,8591
29,1019
30,110
30,2028
30,68157
30,58842
30,3643
31,1
31,3114
31,4886
31,4016
31,166461
32,50
32,1089
32,1086
32,158238
32,2579
33,28
33,889
33,44929
33,2943
33,68269
34,10
34,1370
34,63113
34,7573
34,2376
35,21
35,2110
35,118082
35,142961
35,2542
36,1617
36,1252
36,26875
36,4037
36,164
37,150
37,97938
37,110127
37,105504
37,54001
38,11
38,2697
38,5525
38,25795
38,8302
39,50
39,1089
39,1086
39,158238
39,2579
40,1
40,3114
40,4886
40,4016
40,166461
41,296
41,57669
41,608
41,71211
41,6003
42,10
42,1370
42,63113
42,7573
42,2376
43,1
43,3114
43,4886
43,4016
43,166461
44,112
44,7048
44,4799
44,119145
44,153
45,50
45,1089
45,1086
45,158238
45,2579
46,1
46,3114
46,4886
46,4016
46,166461
47,3147
47,52375
47,3019
47,1084
47,4695
48,1580
48,103341
48,93805
48,87192
48,187593
49,527
49,179817
49,4967
49,8724
49,1222
50,924
50,134130
50,3471
50,8591
50,1019
51,70
51,48678
51,46965
51,51545
51,112818
52,318
52,55272
52,25963
52,7459
52,4830
54,318
54,55272
54,25963
54,7459
54,4830
55,2542
55,4011
55,33893
55,21
55,2110
56,19
56,46772
56,6265
56,3014
56,419
57,1
57,3114
57,4886
57,4016
57,166461
58,7
58,8712
58,5077
58,8385
58,2581
59,41
59,1263
59,3742
59,40414
59,1299
60,527
60,179817
60,4967
60,8724
60,1222
61,318
61,55272
61,25963
61,7459
61,4830
62,293
62,1218
62,7076
62,26344
62,3761
63,1
63,3114
63,4886
63,4016
63,166461
64,16
64,3198
64,62250
64,84844
64,33166
65,55247
65,3578
65,1287
65,42559
65,86
66,32
66,70286
66,5062
66,2346
66,103
67,293
67,1218
67,7076
67,26344
67,3761
68,260
68,1196
68,1210
68,61210
68,34405
69,50
69,1089
69,1086
69,158238
69,2579
70,36
70,3735
70,4378
70,431
70,1809
71,1
71,3114
71,4886
71,4016
71,166461
72,260
72,1196
72,1210
72,61210
72,34405
73,1193
73,49961
73,3181
73,117881
73,1397
74,58
74,48342
74,5617
74,103027
74,6268
75,260
75,1196
75,1210
75,61210
75,34405
76,858
76,8042
76,6291
76,53447
76,5178
77,260
77,1196
77,1210
77,61210
77,34405
78,1036
78,4064
78,110501
78,4855
78,4946
79,164
79,4037
79,26875
79,1617
79,1252
80,318
80,55272
80,25963
80,7459
80,4830
81,32
81,70286
81,5062
81,2346
81,103
82,110
82,2028
82,68157
82,58842
82,3643
83,318
83,55272
83,25963
83,7459
83,4830
84,17
84,41571
84,425
84,8327
84,117176
85,53
85,117192
85,3347
85,1419
85,25834
86,33679
86,552
86,2406
86,2405
86,7720
87,1136
87,4467
87,188833
87,27368
87,3052
88,50
88,1089
88,1086
88,158238
88,2579
89,3785
89,44773
89,130686
89,140523
89,7117
90,14
90,4017
90,3171
90,6452
90,6385
91,6
91,6874
91,1953
91,4946
91,4855
92,107
92,3396
92,1031
92,2135
92,8487
93,2
93,41566
93,59501
93,56915
93,80748
94,32
94,70286
94,5062
94,2346
94,103
95,25
95,6770
95,56389
95,7311
95,1226
96,1
96,3114
96,4886
96,4016
96,166461
97,593
97,2159
97,60832
97,5569
97,63436
98,356
98,2324
98,56060
98,48032
98,3003
99,150
99,97938
99,110127
99,105504
99,54001
100,1101
100,6722
100,4299
100,76293
100,236
101,1093
101,112070
101,5847
101,3179
101,61319
102,3
102,134393
102,55190
102,5957
102,2205
103,16
103,3198
103,62250
103,84844
103,33166
104,357
104,1441
104,3568
104,34162
104,4740
105,47
105,159061
105,2204
105,27773
105,4226
106,318
106,55272
106,25963
106,7459
106,4830
107,2
107,41566
107,59501
107,56915
107,80748
108,82
108,5577
108,5792
108,39444
108,4759
109,25
109,6770
109,56389
109,7311
109,1226
110,1276
110,3038
110,61406
110,2925
110,2563
111,356
111,2324
111,56060
111,48032
111,3003
112,32
112,70286
112,5062
112,2346
112,103
113,265
113,1176
113,943
113,1458
113,104374
114,141718
114,149350
114,140133
114,141928
114,69211
115,32
115,70286
115,5062
115,2346
115,103
116,367
116,6686
116,182823
116,27134
116,27328
117,110
117,2028
117,68157
117,58842
117,3643
118,858
118,8042
118,6291
118,53447
118,5178
119,170
119,53972
119,6709
119,464
119,64030
120,260
120,1196
120,1210
120,61210
120,34405
121,6
121,6874
121,1953
121,4946
121,4855
122,32
122,70286
122,5062
122,2346
122,103
123,47
123,159061
123,2204
123,27773
123,4226
124,356
124,2324
124,56060
124,48032
124,3003
125,223
125,86345
125,131826
125,181065
125,100507
126,47
126,159061
126,2204
126,27773
126,4226
127,913
127,25940
127,1212
127,2206
127,4496
128,110
128,2028
128,68157
128,58842
128,3643
129,1197
129,53140
129,5540
129,54259
129,3740
130,110
130,2028
130,68157
130,58842
130,3643
131,1104
131,4117
131,1041
131,104944
131,179709
132,318
132,55272
132,25963
132,7459
132,4830
133,32
133,70286
133,5062
133,2346
133,103
134,110
134,2028
134,68157
134,58842
134,3643
135,32
135,70286
135,5062
135,2346
135,103
136,10
136,1370
136,63113
136,7573
136,2376
137,111
137,5294
137,3741
137,7895
137,6862
138,222
138,71823
138,40629
138,7151
138,6466
139,260
139,1196
139,1210
139,61210
139,34405
140,6
140,6874
140,1953
140,4946
140,4855
141,2959
141,55721
141,3265
141,8016
141,3761
142,50
142,1089
142,1086
142,158238
142,2579
143,356
143,2324
143,56060
143,48032
143,3003
144,590
144,26750
144,7896
144,3494
144,26649
145,1
145,3114
145,4886
145,4016
145,166461
146,32
146,70286
146,5062
146,2346
146,103
147,225
147,78574
147,27408
147,7134
147,92048
148,30816
148,1088
148,58107
148,83086
148,40826
149,610
149,1274
149,95182
149,69746
149,84414
150,32
150,70286
150,5062
150,2346
150,103
151,1
151,3114
151,4886
151,4016
151,166461
152,47
152,159061
152,2204
152,27773
152,4226
153,4973
153,62439
153,7169
153,25905
153,168326
154,356
154,2324
154,56060
154,48032
154,3003
155,2502
155,2580
155,6067
155,3323
155,910
156,21
156,2110
156,118082
156,142961
156,2542
157,527
157,179817
157,4967
157,8724
157,1222
158,2490
158,6595
158,4632
158,1608
158,89
159,1704
159,3094
159,8530
159,4995
159,8838
160,32
160,70286
160,5062
160,2346
160,103
161,318
161,55272
161,25963
161,7459
161,4830
162,16
162,3198
162,62250
162,84844
162,33166
163,1588
163,1010
163,1016
163,5092
163,840
164,110
164,2028
164,68157
164,58842
164,3643
165,1197
165,53140
165,5540
165,54259
165,3740
166,1
166,3114
166,4886
166,4016
166,166461
167,223
167,86345
167,131826
167,181065
167,100507
168,608
168,57669
168,296
168,71211
168,6003
169,3
169,134393
169,55190
169,5957
169,2205
170,34
170,3189
170,241
170,1012
170,262
171,1
171,3114
171,4886
171,4016
171,166461
172,3087
172,7444
172,3516
172,4890
172,2100
173,171
173,3363
173,92259
173,66511
173,1900
174,11
174,2697
174,5525
174,25795
174,8302
175,3594
175,92674
175,4936
175,49824
175,477
176,10
176,1370
176,63113
176,7573
176,2376
177,1
177,3114
177,4886
177,4016
177,166461
178,318
178,55272
178,25963
178,7459
178,4830
179,34
179,3189
179,241
179,1012
179,262
180,260
180,1196
180,1210
180,61210
180,34405
181,11
181,2697
181,5525
181,25795
181,8302
182,16
182,3198
182,62250
182,84844
182,33166
183,110
183,2028
183,68157
183,58842
183,3643
184,4226
184,27773
184,47
184,159061
184,904
185,899
185,3549
185,945
185,3606
185,26680
186,317
186,8454
186,2321
186,4523
186,130087
187,922
187,347
187,25865
187,2612
187,6064
188,356
188,2324
188,56060
188,48032
188,3003
189,58559
189,109850
189,33794
189,86644
189,102088
190,527
190,179817
190,4967
190,8724
190,1222
191,17
191,41571
191,425
191,8327
191,117176
192,10
192,1370
192,63113
192,7573
192,2376
193,260
193,1196
193,1210
193,61210
193,34405
194,1090
194,214
194,5995
194,4047
194,8337
195,50
195,1089
195,1086
195,158238
195,2579
196,150
196,97938
196,110127
196,105504
196,54001
197,293
197,1218
197,7076
197,26344
197,3761
198,32
198,70286
198,5062
198,2346
198,103
199,25
199,6770
199,56389
199,7311
199,1226
200,39
200,3614
200,5957
200,5222
200,148956
201,1
201,3114
201,4886
201,4016
201,166461
202,6
202,6874
202,1953
202,4946
202,4855
203,110
203,2028
203,68157
203,58842
203,3643
204,47
204,159061
204,2204
204,27773
204,4226
205,71462
205,1123
205,53024
205,7225
205,27882
206,1
206,3114
206,4886
206,4016
206,166461
207,2858
207,1177
207,2025
207,4995
207,215
208,2028
208,110
208,58842
208,68157
208,3643
209,318
209,55272
209,25963
209,7459
209,4830
210,260
210,1196
210,1210
210,61210
210,34405
211,318
211,55272
211,25963
211,7459
211,4830
212,177593
212,5888
212,69394
212,7748
212,7459
213,589
213,6597
213,96737
213,6583
213,7991
214,1059
214,3556
214,8981
214,51884
214,4259
215,50
215,1089
215,1086
215,158238
215,2579
216,34
216,3189
216,241
216,1012
216,262
217,260
217,1196
217,1210
217,61210
217,34405
218,750
218,6561
218,3022
218,41828
218,2897
219,50
219,1089
219,1086
219,158238
219,2579
220,1
220,3114
220,4886
220,4016
220,166461
221,32
221,70286
221,5062
221,2346
221,103
222,1220
222,1772
222,96588
222,2301
222,7888
223,4973
223,62439
223,7169
223,25905
223,168326
224,39
224,3614
224,5957
224,5222
224,148956
225,69
225,8363
225,2918
225,5187
225,2151
226,47
226,159061
226,2204
226,27773
226,4226
227,47
227,159061
227,2204
227,27773
227,4226
228,50
228,1089
228,1086
228,158238
228,2579
229,1
229,3114
229,4886
229,4016
229,166461
230,1527
230,8633
230,122904
230,4121
230,191005
231,589
231,6597
231,96737
231,6583
231,7991
232,296
232,57669
232,608
232,71211
232,6003
233,318
233,55272
233,25963
233,7459
233,4830
234,1
234,3114
234,4886
234,4016
234,166461
235,25
235,6770
235,56389
235,7311
235,1226
236,1214
236,7984
236,149146
236,149144
236,26409
237,32
237,70286
237,5062
237,2346
237,103
238,1272
238,1242
238,31116
238,3091
238,8724
239,6
239,6874
239,1953
239,4946
239,4855
240,1
240,3114
240,4886
240,4016
240,166461
241,215
241,96821
241,4160
241,33660
241,1177
242,32
242,70286
242,5062
242,2346
242,103
243,10
243,1370
243,63113
243,7573
243,2376
244,6
244,6874
244,1953
244,4946
244,4855
245,246
245,134859
245,26366
245,5932
245,171251
246,17
246,41571
246,425
246,8327
246,117176
247,1
247,3114
247,4886
247,4016
247,166461
248,8961
248,152081
248,26183
248,63859
248,111146
249,32
249,70286
249,5062
249,2346
249,103
250,318
250,55272
250,25963
250,7459
250,4830
251,47
251,159061
251,2204
251,27773
251,4226
252,364
252,3159
252,595
252,81847
252,95105
253,446
253,1916
253,1897
253,4014
253,51471
254,296
254,57669
254,608
254,71211
254,6003
255,344
255,4718
255,4705
255,1585
255,8946
256,18
256,1285
256,80858
256,8528
256,1297
257,1288
257,59667
257,1875
257,2865
257,63479
258,318
258,55272
258,25963
258,7459
258,4830
259,32
259,70286
259,5062
259,2346
259,103
260,50
260,1089
260,1086
260,158238
260,2579
261,296
261,57669
261,608
261,71211
261,6003
262,28
262,889
262,44929
262,2943
262,68269
263,17
263,41571
263,425
263,8327
263,117176
264,1028
264,1073
264,118997
264,3086
264,4294
265,260
265,1196
265,1210
265,61210
265,34405
266,16
266,3198
266,62250
266,84844
266,33166
267,58
267,48342
267,5617
267,103027
267,6268
268,29
268,4874
268,7123
268,6902
268,27537
269,1
269,3114
269,4886
269,4016
269,166461
270,1
270,3114
270,4886
270,4016
270,166461
271,5902
271,1247
271,1244
271,88163
271,916
272,177765
272,2085
272,2089
272,89586
272,5109
273,1
273,3114
273,4886
273,4016
273,166461
274,296
274,57669
274,608
274,71211
274,6003
275,1
275,3114
275,4886
275,4016
275,166461
276,62
276,2575
276,6890
276,156387
276,4427
277,32
277,70286
277,5062
277,2346
277,103
278,50
278,1089
278,1086
278,158238
278,2579
279,260
279,1196
279,1210
279,61210
279,34405
280,1035
280,900
280,25937
280,2565
280,199
281,46578
281,106918
281,114678
281,1884
281,87194
282,527
282,179817
282,4967
282,8724
282,1222
283,110
283,2028
283,68157
283,58842
283,3643
284,32
284,70286
284,5062
284,2346
284,103
285,111
285,5294
285,3741
285,7895
285,6862
286,47
286,159061
286,2204
286,27773
286,4226
287,247
287,2329
287,3783
287,6279
287,1227
288,32
288,70286
288,5062
288,2346
288,103
289,7025
289,4047
289,92243
289,3196
289,1090
290,111
290,5294
290,3741
290,7895
290,6862
291,4896
291,160573
291,82169
291,2161
291,80748
292,318
292,55272
292,25963
292,7459
292,4830
293,593
293,2159
293,60832
293,5569
293,63436
294,260
294,1196
294,1210
294,61210
294,34405
295,29
295,4874
295,7123
295,6902
295,27537
296,50
296,1089
296,1086
296,158238
296,2579
297,6
297,6874
297,1953
297,4946
297,4855
298,858
298,8042
298,6291
298,53447
298,5178
299,3499
299,57274
299,5570
299,60030
299,1655
300,527
300,179817
300,4967
300,8724
300,1222
301,48780
301,4878
301,68237
301,113741
301,2009
302,17
302,41571
302,425
302,8327
302,117176
303,589
303,6597
303,96737
303,6583
303,7991
304,1
304,3114
304,4886
304,4016
304,166461
305,32
305,70286
305,5062
305,2346
305,103
306,45668
306,5268
306,4564
306,1835
306,48043
307,663
307,3911
307,102481
307,125
307,2423
308,1246
308,3897
308,944
308,27803
308,7265
309,912
309,5992
309,71579
309,1496
309,6178
310,745
310,128968
310,168418
310,182293
310,182299
311,5992
311,912
311,71579
311,6178
311,1496
312,111
312,5294
312,3741
312,7895
312,6862
313,47
313,159061
313,2204
313,27773
313,4226
314,11
314,2697
314,5525
314,25795
314,8302
315,909
315,1175
315,94
315,88163
315,48342
316,45
316,41716
316,145150
316,319
316,91128
317,6
317,6874
317,1953
317,4946
317,4855
318,288
318,94405
318,112171
318,4351
318,5423
319,293
319,1218
319,7076
319,26344
319,3761
320,2058
320,5388
320,7445
320,150548
320,8860
321,2
321,41566
321,59501
321,56915
321,80748
322,296
322,57669
322,608
322,71211
322,6003
323,318
323,55272
323,25963
323,7459
323,4830
324,608
324,57669
324,296
324,71211
324,6003
325,111
325,5294
325,3741
325,7895
325,6862
326,110
326,2028
326,68157
326,58842
326,3643
327,104
327,3450
327,2829
327,1747
327,61255
328,1
328,3114
328,4886
328,4016
328,166461
329,1237
329,1533
329,4809
329,94325
329,3415
330,32
330,70286
330,5062
330,2346
330,103
331,50
331,1089
331,1086
331,158238
331,2579
332,541
332,2571
332,100579
332,1240
332,5903
333,1193
333,49961
333,3181
333,117881
333,1397
334,4306
334,92348
334,84637
334,1
334,3114
335,50
335,1089
335,1086
335,158238
335,2579
336,50
336,1089
336,1086
336,158238
336,2579
337,6
337,6874
337,1953
337,4946
337,4855
338,318
338,55272
338,25963
338,7459
338,4830
339,319
339,145150
339,91128
339,116897
339,45
340,110
340,2028
340,68157
340,58842
340,3643
341,1
341,3114
341,4886
341,4016
341,166461
342,223
342,86345
342,131826
342,181065
342,100507
343,527
343,179817
343,4967
343,8724
343,1222
344,260
344,1196
344,1210
344,61210
344,34405
345,779
345,45382
345,1296
345,3360
345,42728
346,1219
346,148671
346,8507
346,593
346,2159
347,1
347,3114
347,4886
347,4016
347,166461
348,50
348,1089
348,1086
348,158238
348,2579
349,34
349,3189
349,241
349,1012
349,262
350,1356
350,1374
350,122882
350,6333
350,480
351,12
351,6744
351,73160
351,3693
351,2163
352,47
352,159061
352,2204
352,27773
352,4226
353,1
353,3114
353,4886
353,4016
353,166461
354,50
354,1089
354,1086
354,158238
354,2579
355,900
355,25937
355,1035
355,1947
355,4912
356,543
356,132422
356,7826
356,6228
356,5666
357,1
357,3114
357,4886
357,4016
357,166461
358,1721
358,88179
358,5034
358,26796
358,140
359,1225
359,3078
359,66744
359,26078
359,7301
360,1608
360,4632
360,2490
360,89
360,6595
361,3916
361,43396
361,7078
361,949
361,96728
362,111
362,5294
362,3741
362,7895
362,6862
363,296
363,57669
363,608
363,71211
363,6003
364,1
364,3114
364,4886
364,4016
364,166461
365,1704
365,3094
365,8530
365,4995
365,8838
366,1089
366,50
366,1086
366,158238
366,2579
367,1
367,3114
367,4886
367,4016
367,166461
368,296
368,57669
368,608
368,71211
368,6003
369,1732
369,5912
369,133716
369,4395
369,1079
370,296
370,57669
370,608
370,71211
370,6003
371,741
371,2495
371,5072
371,3592
371,182639
372,6
372,6874
372,1953
372,4946
372,4855
373,6
373,6874
373,1953
373,4946
373,4855
374,110
374,2028
374,68157
374,58842
374,3643
375,32
375,70286
375,5062
375,2346
375,103
376,32
376,70286
376,5062
376,2346
376,103
377,150
377,97938
377,110127
377,105504
377,54001
378,48780
378,4878
378,68237
378,113741
378,2009
379,34
379,3189
379,241
379,1012
379,262
380,1
380,3114
380,4886
380,4016
380,166461
381,236
381,4299
381,155509
381,76293
381,79185
382,50
382,1089
382,1086
382,158238
382,2579
383,1246
383,3897
383,944
383,27803
383,7265
384,296
384,57669
384,608
384,71211
384,6003
385,21
385,2110
385,118082
385,142961
385,2542
386,296
386,57669
386,608
386,71211
386,6003
387,296
387,57669
387,608
387,71211
387,6003
388,4306
388,92348
388,84637
388,1
388,3114
389,1
389,3114
389,4886
389,4016
389,166461
390,308
390,106
390,4500
390,8366
390,1243
391,25
391,6770
391,56389
391,7311
391,1226
392,1198
392,1291
392,32511
392,3030
392,7925
393,293
393,1218
393,7076
393,26344
393,3761
394,50
394,1089
394,1086
394,158238
394,2579
395,208
395,5171
395,34150
395,169982
395,8865
396,1
396,3114
396,4886
396,4016
396,166461
397,123
397,8195
397,170355
397,6789
397,451
398,32
398,70286
398,5062
398,2346
398,103
399,260
399,1196
399,1210
399,61210
399,34405
400,6
400,6874
400,1953
400,4946
400,4855
401,5882
401,85261
401,95105
401,48414
401,87876
402,61
402,5387
402,6971
402,280
402,4235
403,47
403,159061
403,2204
403,27773
403,4226
404,11
404,2697
404,5525
404,25795
404,8302
405,288
405,94405
405,112171
405,4351
405,5423
406,2125
406,116724
406,892
406,96975
406,5673
407,2571
407,541
407,100579
407,1240
407,5903
408,741
408,2495
408,5072
408,3592
408,182639
409,111
409,5294
409,3741
409,7895
409,6862
410,290
410,5954
410,97
410,2731
410,1114
411,1
411,3114
411,4886
411,4016
411,166461
412,17
412,41571
412,425
412,8327
412,117176
413,16
413,3198
413,62250
413,84844
413,33166
414,11
414,2697
414,5525
414,25795
414,8302
415,296
415,57669
415,608
415,71211
415,6003
416,2997
416,134252
416,69304
416,153408
416,130087
417,47
417,159061
417,2204
417,27773
417,4226
418,318
418,55272
418,25963
418,7459
418,4830
419,296
419,57669
419,608
419,71211
419,6003
420,899
420,3549
420,945
420,3606
420,26680
421,318
421,55272
421,25963
421,7459
421,4830
422,260
422,1196
422,1210
422,61210
422,34405
423,150
423,97938
423,110127
423,105504
423,54001
424,47
424,159061
424,2204
424,27773
424,4226
425,293
425,1218
425,7076
425,26344
425,3761
426,31
426,44719
426,136564
426,2639
426,55854
427,1208
427,1233
427,8730
427,3066
427,170705
428,1639
428,44864
428,3462
428,3481
428,2506
429,150
429,97938
429,110127
429,105504
429,54001
430,318
430,55272
430,25963
430,7459
430,4830
431,555
431,8831
431,4963
431,82667
431,731
432,364
432,3159
432,595
432,81847
432,95105
433,50
433,1089
433,1086
433,158238
433,2579
434,111
434,5294
434,3741
434,7895
434,6862
435,216
435,54256
435,3948
435,50942
435,5139
436,34
436,3189
436,241
436,1012
436,262
437,6
437,6874
437,1953
437,4946
437,4855
438,6
438,6874
438,1953
438,4946
438,4855
439,318
439,55272
439,25963
439,7459
439,4830
440,541
440,2571
440,100579
440,1240
440,5903
441,260
441,1196
441,1210
441,61210
441,34405
442,362
442,2057
442,1017
442,6405
442,808
443,318
443,55272
443,25963
443,7459
443,4830
444,50
444,1089
444,1086
444,158238
444,2579
445,32
445,70286
445,5062
445,2346
445,103
446,17
446,41571
446,425
446,8327
446,117176
447,2
447,41566
447,59501
447,56915
447,80748
448,1
448,3114
448,4886
448,4016
448,166461
449,318
449,55272
449,25963
449,7459
449,4830
450,110
450,2028
450,68157
450,58842
450,3643
451,1
451,3114
451,4886
451,4016
451,166461
452,47
452,159061
452,2204
452,27773
452,4226
453,1
453,3114
453,4886
453,4016
453,166461
454,904
454,4226
454,27773
454,47
454,159061
455,318
455,55272
455,25963
455,7459
455,4830
456,1
456,3114
456,4886
456,4016
456,166461
457,110
457,2028
457,68157
457,58842
457,3643
458,21
458,2110
458,118082
458,142961
458,2542
459,3996
459,8983
459,89862
459,168
459,1100
460,318
460,55272
460,25963
460,7459
460,4830
461,356
461,2324
461,56060
461,48032
461,3003
462,111
462,5294
462,3741
462,7895
462,6862
463,5952
463,4993
463,65685
463,2140
463,5816
464,47
464,159061
464,2204
464,27773
464,4226
465,111
465,5294
465,3741
465,7895
465,6862
466,356
466,2324
466,56060
466,48032
466,3003
467,58
467,48342
467,5617
467,103027
467,6268
468,39
468,3614
468,5957
468,5222
468,148956
469,32
469,70286
469,5062
469,2346
469,103
470,110
470,2028
470,68157
470,58842
470,3643
471,1
471,3114
471,4886
471,4016
471,166461
472,50
472,1089
472,1086
472,158238
472,2579
473,318
473,55272
473,25963
473,7459
473,4830
474,17
474,41571
474,425
474,8327
474,117176
475,260
475,1196
475,1210
475,61210
475,34405
476,261
476,307
476,64839
476,81932
476,4007
477,318
477,55272
477,25963
477,7459
477,4830
478,350
478,1645
478,49932
478,3176
478,2712
479,82
479,5577
479,5792
479,39444
479,4759
480,101
480,68848
480,970
480,4027
480,110297
481,1617
481,1252
481,26875
481,4037
481,164
482,62
482,2575
482,6890
482,156387
482,4427
483,29
483,4874
483,7123
483,6902
483,27537
484,318
484,55272
484,25963
484,7459
484,4830
485,150
485,97938
485,110127
485,105504
485,54001
486,6
486,6874
486,1953
486,4946
486,4855
487,27611
487,8690
487,171811
487,2322
487,4338
488,17
488,41571
488,425
488,8327
488,117176
489,902
489,4840
489,6644
489,5741
489,2388
490,306
490,2357
490,32770
490,3296
490,3078
491,586
491,2095
491,1359
491,87
491,3991
492,9
492,3283
492,4866
492,251
492,79553
493,110
493,2028
493,68157
493,58842
493,3643
494,110
494,2028
494,68157
494,58842
494,3643
495,318
495,55272
495,25963
495,7459
495,4830
496,858
496,8042
496,6291
496,53447
496,5178
497,111
497,5294
497,3741
497,7895
497,6862
498,62
498,2575
498,6890
498,156387
498,4427
499,1202
499,2759
499,86833
499,333
499,4002
500,176
500,2788
500,7206
500,6410
500,104339
501,3
501,134393
501,55190
501,5957
501,2205
502,318
502,55272
502,25963
502,7459
502,4830
503,147
503,6752
503,8970
503,55814
503,62644
504,6870
504,55290
504,63062
504,44665
504,5291
505,47
505,159061
505,2204
505,27773
505,4226
506,39
506,3614
506,5957
506,5222
506,148956
507,34
507,3189
507,241
507,1012
507,262
508,1222
508,1939
508,60046
508,3811
508,527
509,4993
509,5952
509,65685
509,2140
509,5816
510,457
510,111384
510,2185
510,2118
510,4083
511,318
511,55272
511,25963
511,7459
511,4830
512,32
512,70286
512,5062
512,2346
512,103
513,260
513,1196
513,1210
513,61210
513,34405
514,260
514,1196
514,1210
514,61210
514,34405
515,260
515,1196
515,1210
515,61210
515,34405
516,260
516,1196
516,1210
516,61210
516,34405
517,34
517,3189
517,241
517,1012
517,262
518,2289
518,778
518,2973
518,105720
518,6286
519,318
519,55272
519,25963
519,7459
519,4830
520,318
520,55272
520,25963
520,7459
520,4830
521,25
521,6770
521,56389
521,7311
521,1226
522,223
522,86345
522,131826
522,181065
522,100507
523,293
523,1218
523,7076
523,26344
523,3761
524,47
524,159061
524,2204
524,27773
524,4226
525,39
525,3614
525,5957
525,5222
525,148956
526,215
526,96821
526,4160
526,33660
526,1177
527,34
527,3189
527,241
527,1012
527,262
528,110
528,2028
528,68157
528,58842
528,3643
529,32
529,70286
529,5062
529,2346
529,103
530,356
530,2324
530,56060
530,48032
530,3003
531,260
531,1196
531,1210
531,61210
531,34405
532,6
532,6874
532,1953
532,4946
532,4855
533,1
533,3114
533,4886
533,4016
533,166461
534,1270
534,26444
534,4571
534,3070
534,3175
535,2599
535,113532
535,3039
535,115231
535,2195
536,45
536,41716
536,145150
536,319
536,91128
537,4954
537,3618
537,1963
537,88235
537,7920
538,520
538,26555
538,1855
538,445
538,170937
539,1197
539,53140
539,5540
539,54259
539,3740
540,260
540,1196
540,1210
540,61210
540,34405
541,50
541,1089
541,1086
541,158238
541,2579
542,47
542,159061
542,2204
542,27773
542,4226
543,135
543,88785
543,3929
543,4219
543,518
544,40
544,1545
544,7773
544,95175
544,2131
545,1267
545,41527
545,36529
545,58303
545,7560
546,70
546,48678
546,46965
546,51545
546,112818
547,541
547,2571
547,100579
547,1240
547,5903
548,69
548,8363
548,2918
548,5187
548,2151
549,293
549,1218
549,7076
549,26344
549,3761
550,59315
550,130842
550,122906
550,122900
550,3793
551,90439
551,102684
551,2419
551,627
551,143385
552,541
552,2571
552,100579
552,1240
552,5903
553,6
553,6874
553,1953
553,4946
553,4855
554,170
554,53972
554,6709
554,464
554,64030
555,3
555,134393
555,55190
555,5957
555,2205
556,588
556,3034
556,1566
556,709
556,2099
557,165
557,2278
557,7439
557,58295
557,54286
558,597
558,2671
558,2257
558,4489
558,35836
559,1
559,3114
559,4886
559,4016
559,166461
560,293
560,1218
560,7076
560,26344
560,3761
561,110
561,2028
561,68157
561,58842
561,3643
562,296
562,57669
562,608
562,71211
562,6003
563,1035
563,900
563,25937
563,2565
563,199
564,1265
564,32917
564,58347
564,86882
564,25870
565,32
565,70286
565,5062
565,2346
565,103
566,11
566,2697
566,5525
566,25795
566,8302
567,1916
567,1897
567,446
567,4014
567,51471
568,50
568,1089
568,1086
568,158238
568,2579
569,153
569,4799
569,5803
569,47538
569,112
570,527
570,179817
570,4967
570,8724
570,1222
571,253
571,4036
571,6063
571,7208
571,84952
572,17
572,41571
572,425
572,8327
572,117176
573,1
573,3114
573,4886
573,4016
573,166461
574,47
574,159061
574,2204
574,27773
574,4226
575,296
575,57669
575,608
575,71211
575,6003
576,1479
576,1917
576,84954
576,99917
576,49278
577,260
577,1196
577,1210
577,61210
577,34405
578,8533
578,3668
578,2729
578,5527
578,2585
579,17
579,41571
579,425
579,8327
579,117176
580,32
580,70286
580,5062
580,2346
580,103
581,318
581,55272
581,25963
581,7459
581,4830
582,2571
582,541
582,100579
582,1240
582,5903
583,39
583,3614
583,5957
583,5222
583,148956
584,1
584,3114
584,4886
584,4016
584,166461
585,16
585,3198
585,62250
585,84844
585,33166
586,110
586,2028
586,68157
586,58842
586,3643
587,1
587,3114
587,4886
587,4016
587,166461
588,6
588,6874
588,1953
588,4946
588,4855
589,25
589,6770
589,56389
589,7311
589,1226
590,260
590,1196
590,1210
590,61210
590,34405
591,260
591,1196
591,1210
591,61210
591,34405
592,110
592,2028
592,68157
592,58842
592,3643
593,260
593,1196
593,1210
593,61210
593,34405
594,11
594,2697
594,5525
594,25795
594,8302
595,50
595,1089
595,1086
595,158238
595,2579
596,2288
596,4552
596,1320
596,5219
596,8861
597,21
597,2110
597,118082
597,142961
597,2542
598,5816
598,2140
598,2872
598,65685
598,5952
599,112
599,7048
599,4799
599,119145
599,153
600,1073
600,1028
600,118997
600,3086
600,4294
601,50
601,1089
601,1086
601,158238
601,2579
602,14
602,4017
602,3171
602,6452
602,6385
603,21
603,2110
603,118082
603,142961
603,2542
604,2
604,41566
604,59501
604,56915
604,80748
605,150
605,97938
605,110127
605,105504
605,54001
606,232
606,1784
606,892
606,69757
606,116724
607,110
607,2028
607,68157
607,58842
607,3643
608,296
608,57669
608,608
608,71211
608,6003
609,10
609,1370
609,63113
609,7573
609,2376
610,1
610,3114
610,4886
610,4016
610,166461
